,사고번호,사고일시,요일,시군구,사고내용,사망자수,중상자수,경상자수,부상신고자수,사고유형,법규위반,노면상태,기상상태,도로형태,가해운전자 차종,가해운전자 성별,가해운전자 연령,가해운전자 상해정도,피해운전자 차종,피해운전자 성별,피해운전자 연령,피해운전자 상해정도
3498,2020061200100244,2020년 6월 12일 11시,금요일,광주광역시 북구 삼각동,경상사고,0,0,1,0,차대사람 - 기타,기타,포장 - 건조,맑음,기타 - 기타,화물,남,48세,상해없음,보행자,여,46세,경상
3499,2020061200100312,2020년 6월 12일 13시,금요일,광주광역시 서구 화정동,부상신고사고,0,0,0,1,차대사람 - 차도통행중,안전운전불이행,포장 - 건조,맑음,단일로 - 기타,승용,여,42세,상해없음,보행자,여,37세,부상신고
3500,2020061200100386,2020년 6월 12일 15시,금요일,광주광역시 광산구 우산동,경상사고,0,0,1,0,차대사람 - 기타,안전운전불이행,포장 - 건조,맑음,단일로 - 기타,승용,남,41세,상해없음,보행자,남,56세,경상
3501,2020061200100659,2020년 6월 12일 21시,금요일,광주광역시 북구 우산동,경상사고,0,0,1,0,차대사람 - 기타,안전운전불이행,포장 - 젖음/습기,비,단일로 - 기타,승용,남,52세,상해없음,보행자,남,62세,경상
3502,2020061200100660,2020년 6월 12일 21시,금요일,광주광역시 북구 중흥동,경상사고,0,0,1,0,차대사람 - 기타,보행자보호의무위반,포장 - 젖음/습기,비,교차로 - 교차로횡단보도내,이륜,남,43세,상해없음,보행자,남,25세,경상
3503,2020061200100709,2020년 6월 12일 22시,금요일,광주광역시 북구 연제동,경상사고,0,0,1,0,차대사람 - 기타,보행자보호의무위반,포장 - 젖음/습기,비,교차로 - 교차로횡단보도내,화물,남,56세,상해없음,보행자,여,42세,경상
3504,2020061300100124,2020년 6월 13일 07시,토요일,광주광역시 서구 화정동,중상사고,0,1,0,0,차대사람 - 기타,신호위반,포장 - 건조,맑음,교차로 - 교차로안,승용,남,28세,상해없음,보행자,여,47세,중상
3505,2020061300100475,2020년 6월 13일 17시,토요일,광주광역시 광산구 우산동,경상사고,0,0,1,0,차대사람 - 횡단중,안전운전불이행,포장 - 건조,맑음,교차로 - 교차로안,승용,여,52세,상해없음,보행자,남,51세,경상
3506,2020061300100515,2020년 6월 13일 18시,토요일,광주광역시 동구 광산동,경상사고,0,0,1,0,차대사람 - 기타,안전운전불이행,포장 - 건조,맑음,단일로 - 기타,승용,남,72세,상해없음,보행자,여,25세,경상
3507,2020061400100079,2020년 6월 14일 05시,일요일,광주광역시 서구 치평동,경상사고,0,0,1,0,차대사람 - 횡단중,안전운전불이행,포장 - 젖음/습기,비,단일로 - 기타,승용,남,33세,상해없음,보행자,여,32세,경상
3508,2020061400100451,2020년 6월 14일 20시,일요일,광주광역시 북구 오치동,중상사고,0,1,0,0,차대사람 - 기타,안전운전불이행,포장 - 건조,맑음,단일로 - 기타,승용,남,70세,상해없음,보행자,남,25세,중상
3509,2020061500100123,2020년 6월 15일 08시,월요일,광주광역시 서구 화정동,경상사고,0,0,1,0,차대사람 - 횡단중,신호위반,포장 - 건조,맑음,교차로 - 교차로횡단보도내,승용,여,49세,상해없음,보행자,남,11세,경상
3510,2020061500100279,2020년 6월 15일 12시,월요일,광주광역시 광산구 장덕동,중상사고,0,1,0,0,차대사람 - 횡단중,보행자보호의무위반,포장 - 건조,맑음,교차로 - 교차로횡단보도내,승용,남,60세,상해없음,보행자,여,33세,중상
3511,2020061500100356,2020년 6월 15일 14시,월요일,광주광역시 북구 연제동,경상사고,0,0,1,0,차대사람 - 횡단중,신호위반,포장 - 건조,맑음,교차로 - 교차로횡단보도내,승용,남,62세,상해없음,보행자,남,9세,경상
3512,2020061500100662,2020년 6월 15일 21시,월요일,광주광역시 북구 오치동,경상사고,0,0,1,0,차대사람 - 기타,안전운전불이행,포장 - 건조,맑음,단일로 - 기타,승용,남,54세,기타불명,보행자,남,64세,경상
3513,2020061600100033,2020년 6월 16일 04시,화요일,광주광역시 북구 양산동,사망사고,1,0,0,0,차대사람 - 횡단중,과속,포장 - 건조,맑음,단일로 - 기타,승용,남,70세,상해없음,보행자,여,54세,사망
3514,2020061600100199,2020년 6월 16일 10시,화요일,광주광역시 북구 임동,경상사고,0,0,1,0,차대사람 - 기타,안전거리미확보,포장 - 건조,맑음,단일로 - 기타,승용,남,44세,상해없음,보행자,남,55세,경상
3515,2020061600100431,2020년 6월 16일 16시,화요일,광주광역시 서구 화정동,경상사고,0,0,1,0,차대사람 - 기타,안전운전불이행,포장 - 건조,맑음,교차로 - 교차로부근,승용,남,63세,상해없음,보행자,남,58세,경상
3516,2020061600100432,2020년 6월 16일 16시,화요일,광주광역시 서구 쌍촌동,부상신고사고,0,0,0,1,차대사람 - 차도통행중,안전운전불이행,포장 - 젖음/습기,비,단일로 - 기타,기타불명,기타불명,미분류,기타불명,보행자,여,16세,부상신고
3517,2020061600100535,2020년 6월 16일 18시,화요일,광주광역시 북구 운암동,중상사고,0,1,0,0,차대사람 - 보도통행중,기타,포장 - 건조,맑음,단일로 - 기타,승용,여,27세,상해없음,보행자,여,56세,중상
3518,2020061600100632,2020년 6월 16일 21시,화요일,광주광역시 북구 용봉동,경상사고,0,0,1,0,차대사람 - 차도통행중,안전운전불이행,포장 - 건조,맑음,단일로 - 기타,승용,남,22세,상해없음,보행자,남,25세,경상
3519,2020061700100222,2020년 6월 17일 11시,수요일,광주광역시 서구 화정동,경상사고,0,0,1,0,차대사람 - 차도통행중,안전운전불이행,포장 - 건조,흐림,교차로 - 교차로부근,승용,남,56세,기타불명,보행자,남,20세,경상
3520,2020061700100398,2020년 6월 17일 16시,수요일,광주광역시 광산구 송정동,경상사고,0,0,1,0,차대사람 - 길가장자리구역통행중,안전운전불이행,포장 - 건조,맑음,단일로 - 기타,승용,여,69세,상해없음,보행자,여,57세,경상
3521,2020061700100443,2020년 6월 17일 17시,수요일,광주광역시 서구 화정동,중상사고,0,1,0,0,차대사람 - 차도통행중,안전운전불이행,포장 - 건조,맑음,단일로 - 기타,승용,여,68세,상해없음,보행자,여,59세,중상
3522,2020061700100446,2020년 6월 17일 17시,수요일,광주광역시 광산구 소촌동,경상사고,0,0,1,0,차대사람 - 기타,안전운전불이행,포장 - 건조,맑음,단일로 - 기타,승합,남,64세,상해없음,보행자,여,67세,경상
3523,2020061700100526,2020년 6월 17일 19시,수요일,광주광역시 남구 월산동,부상신고사고,0,0,0,1,차대사람 - 기타,안전운전불이행,포장 - 건조,맑음,단일로 - 기타,승용,남,65세,상해없음,보행자,남,78세,부상신고
3524,2020061700100616,2020년 6월 17일 22시,수요일,광주광역시 동구 광산동,경상사고,0,0,1,0,차대사람 - 기타,안전운전불이행,포장 - 건조,흐림,교차로 - 교차로부근,승용,남,59세,상해없음,보행자,여,18세,경상
3525,2020061800100107,2020년 6월 18일 07시,목요일,광주광역시 남구 양림동,중상사고,0,1,0,0,차대사람 - 기타,안전운전불이행,포장 - 젖음/습기,비,교차로 - 교차로횡단보도내,화물,남,57세,상해없음,보행자,여,75세,중상
3526,2020061800100153,2020년 6월 18일 08시,목요일,광주광역시 북구 삼각동,경상사고,0,0,1,0,차대사람 - 횡단중,보행자보호의무위반,포장 - 젖음/습기,비,교차로 - 교차로횡단보도내,화물,여,47세,상해없음,보행자,여,18세,경상
3527,2020061800100555,2020년 6월 18일 20시,목요일,광주광역시 북구 오치동,중상사고,0,1,0,0,차대사람 - 횡단중,안전운전불이행,포장 - 건조,맑음,교차로 - 교차로부근,승용,여,42세,상해없음,보행자,남,53세,중상
3528,2020061800100556,2020년 6월 18일 20시,목요일,광주광역시 광산구 신가동,경상사고,0,0,1,0,차대사람 - 기타,안전운전불이행,포장 - 젖음/습기,비,단일로 - 기타,승용,남,28세,상해없음,보행자,여,46세,경상
3529,2020061800100618,2020년 6월 18일 22시,목요일,광주광역시 남구 진월동,중상사고,0,1,0,0,차대사람 - 횡단중,안전운전불이행,포장 - 젖음/습기,비,단일로 - 기타,승용,남,61세,상해없음,보행자,남,48세,중상
3530,2020061900100292,2020년 6월 19일 12시,금요일,광주광역시 동구 학동,중상사고,0,1,0,0,차대사람 - 기타,안전운전불이행,포장 - 건조,맑음,교차로 - 교차로안,화물,남,62세,상해없음,보행자,여,60세,중상
3531,2020061900100357,2020년 6월 19일 14시,금요일,광주광역시 광산구 수완동,경상사고,0,0,1,0,차대사람 - 기타,안전운전불이행,포장 - 건조,맑음,단일로 - 기타,승용,남,66세,상해없음,보행자,여,40세,경상
3532,2020061900100659,2020년 6월 19일 20시,금요일,광주광역시 북구 오치동,경상사고,0,0,1,0,차대사람 - 횡단중,안전운전불이행,포장 - 건조,맑음,교차로 - 교차로안,승용,남,63세,상해없음,보행자,남,8세,경상
3533,2020062000100659,2020년 6월 20일 22시,토요일,광주광역시 서구 치평동,경상사고,0,0,1,0,차대사람 - 기타,안전운전불이행,포장 - 건조,맑음,단일로 - 기타,승용,남,36세,상해없음,보행자,남,25세,경상
3534,2020062100100048,2020년 6월 21일 02시,일요일,광주광역시 동구 계림동,중상사고,0,1,0,0,차대사람 - 기타,신호위반,포장 - 건조,맑음,교차로 - 교차로부근,승용,남,51세,상해없음,보행자,남,56세,중상
3535,2020062100100068,2020년 6월 21일 04시,일요일,광주광역시 광산구 신가동,중상사고,0,1,0,0,차대사람 - 기타,안전운전불이행,포장 - 건조,맑음,단일로 - 기타,화물,남,55세,상해없음,보행자,남,28세,중상
3536,2020062100100427,2020년 6월 21일 19시,일요일,광주광역시 광산구 운남동,중상사고,0,1,0,0,차대사람 - 횡단중,보행자보호의무위반,포장 - 건조,맑음,교차로 - 교차로횡단보도내,승용,여,26세,상해없음,보행자,여,56세,중상
3537,2020062200100140,2020년 6월 22일 08시,월요일,광주광역시 북구 양산동,경상사고,0,0,1,0,차대사람 - 횡단중,보행자보호의무위반,포장 - 건조,맑음,교차로 - 교차로안,승용,남,29세,상해없음,보행자,여,11세,경상
3538,2020062200100182,2020년 6월 22일 09시,월요일,광주광역시 북구 신안동,중상사고,0,1,0,0,차대사람 - 기타,안전운전불이행,포장 - 건조,맑음,단일로 - 기타,승용,남,29세,상해없음,보행자,남,61세,중상
3539,2020062200100393,2020년 6월 22일 14시,월요일,광주광역시 동구 산수동,경상사고,0,0,1,0,차대사람 - 기타,안전운전불이행,포장 - 건조,맑음,단일로 - 기타,건설기계,남,54세,상해없음,보행자,남,77세,경상
3540,2020062200100601,2020년 6월 22일 18시,월요일,광주광역시 북구 두암동,중상사고,0,1,0,0,차대사람 - 기타,안전운전불이행,포장 - 건조,맑음,단일로 - 기타,이륜,남,37세,상해없음,보행자,남,67세,중상
3541,2020062200100602,2020년 6월 22일 18시,월요일,광주광역시 광산구 우산동,경상사고,0,0,1,0,차대사람 - 보도통행중,기타,포장 - 건조,맑음,기타 - 기타,승용,남,51세,상해없음,보행자,여,58세,경상
3542,2020062300100097,2020년 6월 23일 07시,화요일,광주광역시 광산구 송정동,경상사고,0,0,1,0,차대사람 - 횡단중,안전운전불이행,포장 - 건조,맑음,단일로 - 기타,승용,남,68세,상해없음,보행자,여,25세,경상
3543,2020062300100436,2020년 6월 23일 16시,화요일,광주광역시 북구 신안동,부상신고사고,0,0,0,1,차대사람 - 횡단중,보행자보호의무위반,포장 - 건조,맑음,교차로 - 교차로횡단보도내,승용,여,67세,상해없음,보행자,여,18세,부상신고
3544,2020062300100486,2020년 6월 23일 17시,화요일,광주광역시 북구 두암동,경상사고,0,0,1,0,차대사람 - 횡단중,안전운전불이행,포장 - 건조,맑음,단일로 - 기타,승용,여,34세,상해없음,보행자,여,67세,경상
3545,2020062300100654,2020년 6월 23일 21시,화요일,광주광역시 광산구 송정동,경상사고,0,0,1,0,차대사람 - 횡단중,보행자보호의무위반,포장 - 건조,맑음,교차로 - 교차로횡단보도내,승용,여,63세,상해없음,보행자,여,19세,경상
3546,2020062400100319,2020년 6월 24일 14시,수요일,광주광역시 동구 대인동,경상사고,0,0,1,0,차대사람 - 차도통행중,안전운전불이행,포장 - 젖음/습기,비,단일로 - 기타,승용,여,46세,상해없음,보행자,남,48세,경상
3547,2020062400100320,2020년 6월 24일 14시,수요일,광주광역시 동구 동명동,경상사고,0,0,1,0,차대사람 - 기타,안전운전불이행,포장 - 건조,맑음,단일로 - 기타,원동기,남,30세,기타불명,보행자,남,32세,경상
3548,2020062400100321,2020년 6월 24일 14시,수요일,광주광역시 광산구 소촌동,경상사고,0,0,1,0,차대사람 - 차도통행중,안전운전불이행,포장 - 젖음/습기,비,단일로 - 기타,승용,남,46세,상해없음,보행자,여,12세,경상
3549,2020062400100485,2020년 6월 24일 18시,수요일,광주광역시 서구 치평동,경상사고,0,0,1,0,차대사람 - 횡단중,보행자보호의무위반,포장 - 젖음/습기,비,단일로 - 기타,승용,여,44세,상해없음,보행자,여,61세,경상
3550,2020062500100260,2020년 6월 25일 12시,목요일,광주광역시 동구 학동,부상신고사고,0,0,0,1,차대사람 - 기타,안전운전불이행,포장 - 건조,맑음,단일로 - 기타,승용,여,53세,상해없음,보행자,남,70세,부상신고
3551,2020062500100423,2020년 6월 25일 17시,목요일,광주광역시 서구 금호동,중상사고,0,1,0,0,차대사람 - 횡단중,보행자보호의무위반,포장 - 건조,맑음,교차로 - 교차로부근,승용,여,47세,상해없음,보행자,남,6세,중상
3552,2020062600100149,2020년 6월 26일 08시,금요일,광주광역시 북구 각화동,경상사고,0,0,1,0,차대사람 - 기타,안전운전불이행,포장 - 건조,맑음,단일로 - 기타,승용,여,59세,상해없음,보행자,여,14세,경상
3553,2020062600100234,2020년 6월 26일 11시,금요일,광주광역시 동구 학동,중상사고,0,1,0,0,차대사람 - 기타,안전운전불이행,포장 - 건조,맑음,교차로 - 교차로안,승용,여,62세,상해없음,보행자,여,53세,중상
3554,2020062600100388,2020년 6월 26일 15시,금요일,광주광역시 북구 두암동,경상사고,0,0,1,0,차대사람 - 횡단중,안전운전불이행,포장 - 건조,맑음,교차로 - 교차로부근,승용,여,43세,상해없음,보행자,여,12세,경상
3555,2020062600100551,2020년 6월 26일 18시,금요일,광주광역시 서구 화정동,경상사고,0,0,1,0,차대사람 - 기타,안전운전불이행,포장 - 건조,맑음,단일로 - 기타,이륜,남,24세,상해없음,보행자,남,24세,경상
3556,2020062600100625,2020년 6월 26일 20시,금요일,광주광역시 광산구 도산동,경상사고,0,0,1,0,차대사람 - 횡단중,보행자보호의무위반,포장 - 건조,맑음,단일로 - 기타,개인형이동수단(PM),남,61세,상해없음,보행자,여,6세,경상
3557,2020062600100661,2020년 6월 26일 21시,금요일,광주광역시 북구 오치동,부상신고사고,0,0,0,1,차대사람 - 기타,안전운전불이행,포장 - 건조,맑음,단일로 - 기타,승용,남,59세,상해없음,보행자,남,46세,부상신고
3558,2020062600100663,2020년 6월 26일 21시,금요일,광주광역시 광산구 신가동,경상사고,0,0,1,0,차대사람 - 기타,안전운전불이행,포장 - 건조,맑음,기타 - 기타,이륜,남,37세,상해없음,보행자,남,46세,경상
3559,2020062700100108,2020년 6월 27일 07시,토요일,광주광역시 서구 마륵동,중상사고,0,1,0,0,차대사람 - 기타,안전운전불이행,포장 - 건조,맑음,교차로 - 교차로횡단보도내,승용,남,57세,상해없음,보행자,남,59세,중상
3560,2020062700100250,2020년 6월 27일 12시,토요일,광주광역시 북구 두암동,경상사고,0,0,1,0,차대사람 - 기타,보행자보호의무위반,포장 - 건조,맑음,단일로 - 기타,승용,남,45세,상해없음,보행자,남,36세,경상
3561,2020062700100362,2020년 6월 27일 15시,토요일,광주광역시 서구 벽진동,경상사고,0,0,1,0,차대사람 - 기타,안전운전불이행,포장 - 건조,맑음,주차장 - 주차장,승용,남,58세,상해없음,보행자,남,22세,경상
3562,2020062700100442,2020년 6월 27일 17시,토요일,광주광역시 서구 농성동,경상사고,0,0,1,0,차대사람 - 차도통행중,안전운전불이행,포장 - 건조,맑음,단일로 - 기타,승용,남,32세,상해없음,보행자,여,57세,경상
3563,2020062800100065,2020년 6월 28일 04시,일요일,광주광역시 서구 치평동,경상사고,0,0,1,0,차대사람 - 횡단중,안전운전불이행,포장 - 건조,맑음,교차로 - 교차로안,승용,남,51세,상해없음,보행자,남,27세,경상
3564,2020062800100172,2020년 6월 28일 11시,일요일,광주광역시 광산구 송정동,중상사고,0,1,0,0,차대사람 - 기타,안전운전불이행,포장 - 건조,맑음,단일로 - 기타,승용,남,68세,상해없음,보행자,여,91세,중상
3565,2020062900100232,2020년 6월 29일 12시,월요일,광주광역시 북구 유동,경상사고,0,0,1,0,차대사람 - 기타,안전운전불이행,포장 - 젖음/습기,비,단일로 - 기타,이륜,남,27세,상해없음,보행자,여,73세,경상
3566,2020062900100380,2020년 6월 29일 16시,월요일,광주광역시 서구 쌍촌동,경상사고,0,0,1,0,차대사람 - 기타,안전운전불이행,포장 - 건조,맑음,단일로 - 기타,승용,여,51세,상해없음,보행자,남,61세,경상
3567,2020062900100384,2020년 6월 29일 16시,월요일,광주광역시 광산구 용곡동,중상사고,0,1,0,0,차대사람 - 기타,안전운전불이행,포장 - 건조,맑음,단일로 - 기타,승용,남,63세,상해없음,보행자,여,84세,중상
3568,2020062900100466,2020년 6월 29일 18시,월요일,광주광역시 광산구 수완동,중상사고,0,1,0,0,차대사람 - 기타,안전운전불이행,포장 - 젖음/습기,비,단일로 - 기타,승용,여,50세,상해없음,보행자,여,14세,중상
3569,2020063000100153,2020년 6월 30일 09시,화요일,광주광역시 서구 치평동,경상사고,0,0,1,0,차대사람 - 횡단중,보행자보호의무위반,포장 - 건조,맑음,교차로 - 교차로횡단보도내,기타불명,기타불명,미분류,기타불명,보행자,여,32세,경상
3570,2020063000100233,2020년 6월 30일 12시,화요일,광주광역시 서구 화정동,경상사고,0,0,1,0,차대사람 - 횡단중,보행자보호의무위반,포장 - 건조,맑음,교차로 - 교차로횡단보도내,화물,남,49세,상해없음,보행자,남,87세,경상
3571,2020070100100361,2020년 7월 1일 16시,수요일,광주광역시 남구 주월동,중상사고,0,1,0,0,차대사람 - 횡단중,안전운전불이행,포장 - 건조,맑음,단일로 - 기타,이륜,남,32세,상해없음,보행자,여,6세,중상
3572,2020070300100289,2020년 7월 3일 13시,금요일,광주광역시 동구 학동,경상사고,0,0,1,0,차대사람 - 기타,안전운전불이행,포장 - 건조,흐림,단일로 - 기타,승용,남,63세,상해없음,보행자,남,37세,경상
3573,2020070300100290,2020년 7월 3일 13시,금요일,광주광역시 북구 신안동,중상사고,0,1,0,0,차대사람 - 기타,안전운전불이행,포장 - 젖음/습기,비,교차로 - 교차로안,승용,남,59세,상해없음,보행자,여,64세,중상
3574,2020070300100459,2020년 7월 3일 17시,금요일,광주광역시 북구 운암동,중상사고,0,1,0,0,차대사람 - 기타,안전운전불이행,포장 - 젖음/습기,비,교차로 - 교차로안,승용,여,43세,상해없음,보행자,남,72세,중상
3575,2020070300100532,2020년 7월 3일 19시,금요일,광주광역시 남구 방림동,중상사고,0,1,0,0,차대사람 - 횡단중,안전운전불이행,포장 - 젖음/습기,비,단일로 - 기타,승용,여,57세,상해없음,보행자,여,73세,중상
3576,2020070400100138,2020년 7월 4일 07시,토요일,광주광역시 광산구 신가동,중상사고,0,1,0,0,차대사람 - 횡단중,안전운전불이행,포장 - 건조,맑음,단일로 - 기타,승용,남,71세,상해없음,보행자,여,78세,중상
3577,2020070400100209,2020년 7월 4일 10시,토요일,광주광역시 북구 오치동,중상사고,0,1,0,0,차대사람 - 기타,신호위반,포장 - 건조,맑음,단일로 - 기타,이륜,남,51세,상해없음,보행자,여,29세,중상
3578,2020070400100365,2020년 7월 4일 14시,토요일,광주광역시 광산구 운남동,경상사고,0,0,1,0,차대사람 - 기타,안전운전불이행,포장 - 건조,맑음,교차로 - 교차로안,화물,남,25세,상해없음,보행자,남,54세,경상
3579,2020070400100649,2020년 7월 4일 23시,토요일,광주광역시 서구 쌍촌동,부상신고사고,0,0,0,1,차대사람 - 보도통행중,안전운전불이행,포장 - 건조,맑음,단일로 - 기타,기타불명,기타불명,미분류,기타불명,보행자,남,29세,부상신고
3580,2020070500100298,2020년 7월 5일 16시,일요일,광주광역시 서구 양동,중상사고,0,1,0,0,차대사람 - 횡단중,보행자보호의무위반,포장 - 건조,맑음,단일로 - 기타,승용,여,27세,상해없음,보행자,여,84세,중상
3581,2020070600100025,2020년 7월 6일 03시,월요일,광주광역시 동구 광산동,경상사고,0,0,1,0,차대사람 - 기타,신호위반,포장 - 건조,맑음,단일로 - 기타,승용,남,23세,상해없음,보행자,여,21세,경상
3582,2020070700100080,2020년 7월 7일 07시,화요일,광주광역시 광산구 월계동,경상사고,0,0,1,0,차대사람 - 횡단중,보행자보호의무위반,포장 - 건조,맑음,단일로 - 기타,승용,남,57세,상해없음,보행자,여,20세,경상
3583,2020070700100202,2020년 7월 7일 11시,화요일,광주광역시 북구 두암동,경상사고,0,0,1,0,차대사람 - 횡단중,안전운전불이행,포장 - 건조,맑음,교차로 - 교차로안,화물,남,58세,상해없음,보행자,여,63세,경상
3584,2020070800100022,2020년 7월 8일 02시,수요일,광주광역시 남구 월산동,중상사고,0,1,0,0,차대사람 - 횡단중,안전운전불이행,포장 - 건조,맑음,단일로 - 기타,승용,남,46세,상해없음,보행자,남,29세,중상
3585,2020070800100316,2020년 7월 8일 14시,수요일,광주광역시 동구 황금동,경상사고,0,0,1,0,차대사람 - 기타,안전운전불이행,포장 - 건조,맑음,단일로 - 기타,이륜,남,37세,상해없음,보행자,여,44세,경상
3586,2020070800100633,2020년 7월 8일 23시,수요일,광주광역시 북구 오치동,경상사고,0,0,1,0,차대사람 - 보도통행중,신호위반,포장 - 건조,흐림,단일로 - 기타,이륜,남,17세,기타불명,보행자,남,41세,경상
3587,2020070900100231,2020년 7월 9일 11시,목요일,광주광역시 북구 우산동,중상사고,0,1,0,0,차대사람 - 횡단중,안전운전불이행,포장 - 건조,맑음,단일로 - 기타,건설기계,남,51세,상해없음,보행자,여,79세,중상
3588,2020070900100310,2020년 7월 9일 13시,목요일,광주광역시 남구 월산동,경상사고,0,0,1,0,차대사람 - 기타,안전운전불이행,포장 - 건조,맑음,단일로 - 기타,승용,남,26세,상해없음,보행자,여,13세,경상
3589,2020070900100439,2020년 7월 9일 16시,목요일,광주광역시 광산구 쌍암동,경상사고,0,0,1,0,차대사람 - 차도통행중,안전운전불이행,포장 - 건조,맑음,단일로 - 기타,승용,여,33세,상해없음,보행자,여,8세,경상
3590,2020070900100684,2020년 7월 9일 23시,목요일,광주광역시 북구 용봉동,경상사고,0,0,1,0,차대사람 - 기타,안전운전불이행,포장 - 건조,맑음,단일로 - 기타,승용,남,35세,기타불명,보행자,여,24세,경상
3591,2020071000100026,2020년 7월 10일 01시,금요일,광주광역시 북구 운암동,경상사고,0,0,1,0,차대사람 - 차도통행중,안전운전불이행,포장 - 건조,맑음,기타 - 기타,승용,남,68세,상해없음,보행자,남,52세,경상
3592,2020071000100031,2020년 7월 10일 01시,금요일,광주광역시 광산구 월곡동,중상사고,0,1,0,0,차대사람 - 횡단중,안전운전불이행,포장 - 젖음/습기,비,교차로 - 교차로안,원동기,남,29세,상해없음,보행자,여,24세,중상
3593,2020071000100181,2020년 7월 10일 10시,금요일,광주광역시 서구 광천동,중상사고,0,1,0,0,차대사람 - 횡단중,안전운전불이행,포장 - 건조,맑음,단일로 - 기타,승용,남,45세,상해없음,보행자,여,72세,중상
3594,2020071000100403,2020년 7월 10일 16시,금요일,광주광역시 서구 쌍촌동,경상사고,0,0,1,0,차대사람 - 기타,안전운전불이행,포장 - 건조,맑음,기타 - 기타,승합,남,48세,상해없음,보행자,여,59세,경상
3595,2020071000100406,2020년 7월 10일 16시,금요일,광주광역시 광산구 월계동,중상사고,0,1,2,0,차대사람 - 횡단중,보행자보호의무위반,포장 - 건조,맑음,교차로 - 교차로횡단보도내,승용,남,37세,상해없음,보행자,여,13세,경상
3596,2020071100100073,2020년 7월 11일 04시,토요일,광주광역시 서구 쌍촌동,경상사고,0,0,1,0,차대사람 - 횡단중,신호위반,포장 - 건조,맑음,교차로 - 교차로횡단보도내,승용,남,47세,상해없음,보행자,여,25세,경상
3597,2020071200100118,2020년 7월 12일 10시,일요일,광주광역시 북구 용봉동,경상사고,0,0,1,0,차대사람 - 횡단중,보행자보호의무위반,포장 - 건조,맑음,교차로 - 교차로횡단보도내,승용,남,38세,상해없음,보행자,남,18세,경상
3598,2020071200100294,2020년 7월 12일 16시,일요일,광주광역시 광산구 월계동,중상사고,0,1,0,0,차대사람 - 횡단중,보행자보호의무위반,포장 - 젖음/습기,비,단일로 - 기타,이륜,남,26세,상해없음,보행자,여,58세,중상
3599,2020071200100498,2020년 7월 12일 22시,일요일,광주광역시 북구 동림동,경상사고,0,0,1,0,차대사람 - 기타,안전운전불이행,포장 - 젖음/습기,비,단일로 - 기타,승용,남,60세,상해없음,보행자,남,56세,경상
3600,2020071300100081,2020년 7월 13일 07시,월요일,광주광역시 남구 진월동,중상사고,0,1,0,0,차대사람 - 횡단중,안전운전불이행,포장 - 젖음/습기,비,단일로 - 기타,승용,여,34세,상해없음,보행자,여,28세,중상
3601,2020071300100283,2020년 7월 13일 13시,월요일,광주광역시 서구 농성동,중상사고,0,1,0,0,차대사람 - 횡단중,안전운전불이행,포장 - 건조,맑음,단일로 - 기타,승용,남,28세,상해없음,보행자,남,73세,중상
3602,2020071300100555,2020년 7월 13일 21시,월요일,광주광역시 서구 화정동,경상사고,0,0,1,0,차대사람 - 기타,보행자보호의무위반,포장 - 건조,맑음,교차로 - 교차로안,승용,남,58세,상해없음,보행자,남,54세,경상
3603,2020071300100584,2020년 7월 13일 22시,월요일,광주광역시 서구 쌍촌동,경상사고,0,0,1,0,차대사람 - 기타,안전운전불이행,포장 - 젖음/습기,비,단일로 - 기타,승용,남,25세,상해없음,보행자,남,59세,경상